File name,Sold by,Details & special offers,Item price,Total price,
10,"PC Fallon Co.Trusted storeWhat makes this a trusted store?This store offers a combination of fast shipping, on-time deliveries, and easy returns, among other services.·4.9/54.9 out of 5 stars store rating(1.6K)","Delivery by Wed, May 25Spend $89 for free delivery",LOW PRICE$18.99,$25.94,Visit site
10,Walmart - Euro Pharm,Free delivery,$21.99,$23.31,Visit site
10,eBay - pharmacy1231,"Free delivery by Wed, May 18",$20.00,$21.20,Visit site
11,Vitabath4.9/54.9 out of 5 stars store rating(392 store reviews),Spend $65 for free delivery,LOW PRICE$9.25,$19.20,Visit site
11,"PC Fallon Co.Trusted storeWhat makes this a trusted store?This store offers a combination of fast shipping, on-time deliveries, and easy returns, among other services.·4.9/54.9 out of 5 stars store rating(1.6K)","Delivery by Wed, May 25Spend $89 for free delivery",LOW PRICE$8.99,$15.94,Visit site
11,Walmart1 more offerHide offers,Free delivery,$18.24,$19.33,Visit site
11,eBay1 more offerHide offers,$5.50 delivery,$14.80,$21.19,Visit site
11,truegether.com/user/433433.html,Free delivery,$16.65,$16.65,Visit site
11,Bonanza - Xperts-Bonanza Mall,Free delivery,$16.99,$18.01,Visit site
11,OliveTips.com,"Free delivery by Mon, May 23",$27.83,$27.83,Visit site
12,"PC Fallon Co.Trusted storeWhat makes this a trusted store?This store offers a combination of fast shipping, on-time deliveries, and easy returns, among other services.·4.9/54.9 out of 5 stars store rating(1.6K)","Delivery by Wed, May 25Spend $89 for free delivery","GREAT PICKThis product and store are highly rated, and the price is competitive.$28.05",$36.00,Visit site
12,Walmart - Euro Pharm,Free delivery,$33.00,$34.98,Visit site
12,eBay3 more offersHide offers,$1.89 delivery,$31.99,$35.80,Visit site
12,ihealthee,Free delivery,$46.39,$49.17,Visit site
13,Vitabath4.9/54.9 out of 5 stars store rating(392 store reviews),Spend $65 for free delivery,LOW PRICE$9.25,$19.20,Visit site
13,Walmart - Euro Pharm,Free delivery,$11.99,$12.71,Visit site
13,"PC Fallon Co.Trusted storeWhat makes this a trusted store?This store offers a combination of fast shipping, on-time deliveries, and easy returns, among other services.·4.9/54.9 out of 5 stars store rating(1.6K)","Delivery by Wed, May 25Spend $89 for free delivery",LOW PRICE$8.99,$15.94,Visit site
13,eBay1 more offerHide offers,"Free delivery by Wed, May 18",$11.99,$12.71,Visit site
13,"pilottop.comTrusted storeWhat makes this a trusted store?This store offers a combination of fast shipping, on-time deliveries, and easy returns, among other services.","Free delivery by Thu, May 19Free 30-day returns",$22.06,$22.06,Visit site
13,iBeautyCity.com,"Free delivery by Sun, May 22",$33.65,$33.65,Visit site
13,"ibeautistoreTrusted storeWhat makes this a trusted store?This store offers a combination of fast shipping, on-time deliveries, and easy returns, among other services.","Free delivery by Sun, May 22",$22.06,$22.06,Visit site
14,Vitabath4.9/54.9 out of 5 stars store rating(392 store reviews),Spend $65 for free delivery,$9.25,$19.20,Visit site
14,Walmart - Euro Pharm,Free delivery,$24.00,$25.44,Visit site
14,eBay1 more offerHide offers,"Free delivery by Wed, May 18",$23.95,$25.39,Visit site
14,truegether.com/user/433433.html,Free delivery,$23.51,$23.51,Visit site
14,Bonanza - Xperts-Bonanza Mall,Free delivery,$23.99,$25.43,Visit site
2,"PC Fallon Co.Trusted storeWhat makes this a trusted store?This store offers a combination of fast shipping, on-time deliveries, and easy returns, among other services.·4.9/54.9 out of 5 stars store rating(1.6K)","Delivery by Wed, May 25Spend $89 for free delivery","GREAT PICKThis product and store are highly rated, and the price is competitive.$28.05",$36.00,Visit site
2,Walmart - Euro Pharm,Free delivery,$33.00,$34.98,Visit site
2,eBay1 more offerHide offers,"Free delivery by Wed, May 18",$28.89,$30.62,Visit site
2,truegether.com/user/433433.html,Free delivery,$36.25,$36.25,Visit site
2,Bonanza - Xperts-Bonanza Mall,Free delivery,$36.99,$39.21,Visit site
32,Walmart - Euro Pharm,Free delivery,$33.00,$34.98,Visit site
32,"PC Fallon Co.Trusted storeWhat makes this a trusted store?This store offers a combination of fast shipping, on-time deliveries, and easy returns, among other services.·4.9/54.9 out of 5 stars store rating(1.6K)","Delivery by Wed, May 25Spend $89 for free delivery",LOW PRICE$28.05,$36.00,Visit site
32,truegether.com/user/433433.html,Free delivery,$36.25,$36.25,Visit site
32,eBay1 more offerHide offers,"Free delivery by Wed, May 18",$36.99,$39.21,Visit site
32,Bonanza - Xperts-Bonanza Mall,Free delivery,$36.99,$39.21,Visit site
32,Zabiva.com,Free deliveryApply SAVE22,5% OFF$38.91,$41.24,Visit site
32,Newegg.com - Famous Microgreens,Free delivery,$43.00,$45.58,Visit site
32,iBeautyCity.com,"Free delivery by Sun, May 22",$54.91,$54.91,Visit site
33,Vitabath4.9/54.9 out of 5 stars store rating(392 store reviews),Spend $65 for free delivery,$9.25,$19.20,Visit site
33,"PC Fallon Co.Trusted storeWhat makes this a trusted store?This store offers a combination of fast shipping, on-time deliveries, and easy returns, among other services.·4.9/54.9 out of 5 stars store rating(1.6K)","Delivery by Wed, May 25Spend $89 for free delivery",$8.99,$15.94,Visit site
34,"PC Fallon Co.Trusted storeWhat makes this a trusted store?This store offers a combination of fast shipping, on-time deliveries, and easy returns, among other services.·4.9/54.9 out of 5 stars store rating(1.6K)","Delivery by Wed, May 25Spend $89 for free delivery",LOW PRICE$8.99,$15.94,Visit site
34,eCrater - xpertsedge,Free delivery,$13.99,$13.99,Visit site
34,eBay - 433433,"Free delivery by Wed, May 18",$16.99,$18.01,Visit site
34,"VereTreasure SupermarketTrusted storeWhat makes this a trusted store?This store offers a combination of fast shipping, on-time deliveries, and easy returns, among other services.","Free delivery by Mon, May 16Free 30-day returns",$20.51,$20.51,Visit site
34,truegether.com/user/433433.html,Free delivery,$16.65,$16.65,Visit site
36,NA,NA,NA,NA,NA
37,"PC Fallon Co.Trusted storeWhat makes this a trusted store?This store offers a combination of fast shipping, on-time deliveries, and easy returns, among other services.·4.9/54.9 out of 5 stars store rating(1.6K)","Delivery by Wed, May 25Spend $89 for free delivery",LOW PRICE$18.99,$25.94,Visit site
37,myBitti.com,"Free delivery by Tue, May 17",$22.99,$24.37,Visit site
37,Walmart - TWS E-COMMERCE LLC,Free delivery,$35.28,$37.40,Visit site
37,eBay - 433433,"Free delivery by Wed, May 18",$28.99,$30.73,Visit site
37,truegether.com/user/433433.html,Free delivery,$28.41,$28.41,Visit site
37,Bonanza - Xperts-Bonanza Mall,Free delivery,$28.99,$30.73,Visit site
38,Ulta Beauty4.8/54.8 out of 5 stars store rating(1.8K store reviews),Spend $35 for free deliveryFree 60-day returns,LOW PRICE$8.99,$15.84,Visit site
38,Vitabath4.9/54.9 out of 5 stars store rating(392 store reviews),Spend $65 for free delivery,$9.25,$19.20,Visit site
38,"PC Fallon Co.Trusted storeWhat makes this a trusted store?This store offers a combination of fast shipping, on-time deliveries, and easy returns, among other services.·4.9/54.9 out of 5 stars store rating(1.6K)","Delivery by Wed, May 25Spend $89 for free delivery",LOW PRICE$8.99,$15.94,Visit site
38,"eCosmeticsTrusted storeWhat makes this a trusted store?This store offers a combination of fast shipping, on-time deliveries, and easy returns, among other services.·4.8/54.8 out of 5 stars store rating(773)","Delivery by Sun, May 15Spend $49 for free deliveryFree 60-day returnsExtra 20% Off Your First Order",LOW PRICE$8.71,$14.66,Visit site
38,eBay2 more offersHide offers,$6.50 delivery,$9.90,$17.38,Visit site
38,OpenSky3.5/53.5 out of 5 stars store rating(129 store reviews),$8.00 deliveryFree 14-day returns,$10.89,$18.89,Visit site
38,beautysuppliers.org,"$6.50 delivery by Fri, May 2730-day returns",$14.57,$23.60,Visit site
38,Sears - ErgodE,Free delivery,$24.06,$25.50,Visit site
38,"Home Essentials DirectGoogle GuaranteeIf anything goes wrong with your order, Google will help make it right.Learn more4.7/54.7 out of 5 stars store ratingStore info","Free delivery by Mon, May 16Free deliveryFree delivery means no shipping and service fees. Orders must meet store minimums before taxes and fees in select delivery areas.30-day returnsReturn policyIf anything goes wrong with this order, you can count on Google to help.",$19.95,$21.15,Add to cartAdded 1 item to cart$19.95Vitabath Coconut Noir Body Wash 10 ozGoogle GuaranteeCartTotalGo to checkoutGo to cart
38,shop.com,Free delivery,$24.09,$25.54,Visit site
38,"Le Ravishe Beauty MartGoogle GuaranteeIf anything goes wrong with your order, Google will help make it right.Learn moreTrusted storeWhat makes this a trusted store?This store offers a combination of fast shipping, on-time deliveries, and easy returns, among other services.Identifies as Women-owned","Free delivery by Tue, May 24Free deliveryFree delivery means no shipping and service fees. Orders must meet store minimums before taxes and fees in select delivery areas.Free 30-day returnsReturn policyIf anything goes wrong with this order, you can count on Google to help.",$22.51,$23.86,Add to cartAdded 1 item to cart$22.51Vitabath Coconut Noir Body Wash 10 ozGoogle GuaranteeCartTotalGo to checkoutGo to cart
39,Vitabath4.9/54.9 out of 5 stars store rating(392 store reviews),Spend $65 for free delivery,LOW PRICE$20.55,$30.50,Visit site
39,myBitti.com,"Free delivery by Tue, May 17",$22.99,$24.37,Visit site
39,Raj Pharmacies,463.6 mi · In stock at RumsonToday: 9:00 AM - 7:00 PM,LOW PRICE$20.99,$20.99+Tax,Visit site
39,truegether.com/user/433433.html,Free delivery,$26.45,$26.45,Visit site
39,eCrater - xpertsedge,Free delivery,$26.99,$26.99,Visit site
4,"PC Fallon Co.Trusted storeWhat makes this a trusted store?This store offers a combination of fast shipping, on-time deliveries, and easy returns, among other services.·4.9/54.9 out of 5 stars store rating(1.6K)","Free delivery by Wed, May 25",$89.00,$89.00,Visit site
4,myBitti.com,"Free delivery by Tue, May 17",$95.99,$101.75,Visit site
40,"PC Fallon Co.Trusted storeWhat makes this a trusted store?This store offers a combination of fast shipping, on-time deliveries, and easy returns, among other services.·4.9/54.9 out of 5 stars store rating(1.6K)","Delivery by Wed, May 25Spend $89 for free delivery",$8.99,$15.94,Visit site
40,Vitacost.com4.6/54.6 out of 5 stars store rating(8.3K store reviews),Spend $49 for free delivery60-day returns,$8.99,$15.88,Visit site
40,ihealthee,Free delivery,$12.66,$13.42,Visit site
41,"PC Fallon Co.Trusted storeWhat makes this a trusted store?This store offers a combination of fast shipping, on-time deliveries, and easy returns, among other services.·4.9/54.9 out of 5 stars store rating(1.6K)","Delivery by Wed, May 25Spend $89 for free delivery",$8.99,$15.94,Visit site
41,Fishpond.com3.5/53.5 out of 5 stars store rating(47 store reviews),Free delivery30-day returns,$24.60,$24.60,Visit site
41,iBeautyCity.com,"Free delivery by Sun, May 22",$27.12,$27.12,Visit site
42,"PC Fallon Co.Trusted storeWhat makes this a trusted store?This store offers a combination of fast shipping, on-time deliveries, and easy returns, among other services.·4.9/54.9 out of 5 stars store rating(1.6K)","Delivery by Wed, May 25Spend $89 for free delivery","GREAT PICKThis product and store are highly rated, and the price is competitive.$28.05",$36.00,Visit site
42,eBay - youngbeautysupplies,"Free delivery by Wed, May 18",$31.89,$33.80,Visit site
42,eCrater - xpertsedge,Free delivery,$35.99,$35.99,Visit site
43,Vitabath4.9/54.9 out of 5 stars store rating(392 store reviews),Spend $65 for free delivery,LOW PRICE$8.20,$18.15,Visit site
43,Walmart - Euro Pharm,Free delivery,$11.99,$12.71,Visit site
43,"PC Fallon Co.Trusted storeWhat makes this a trusted store?This store offers a combination of fast shipping, on-time deliveries, and easy returns, among other services.·4.9/54.9 out of 5 stars store rating(1.6K)","Delivery by Wed, May 25Spend $89 for free delivery",LOW PRICE$7.50,$14.45,Visit site
43,eBay - pharmacy1142,"Free delivery by Wed, May 18",$11.99,$12.71,Visit site
43,eCrater - xpertsedge,Free delivery,$12.99,$12.99,Visit site
43,Groceryeshop,Free deliveryApply GET5OFF,5% OFF$24.00,$25.44,Visit site
43,"VereTreasure SupermarketTrusted storeWhat makes this a trusted store?This store offers a combination of fast shipping, on-time deliveries, and easy returns, among other services.","Free delivery by Mon, May 16Free 30-day returns",$26.33,$26.33,Visit site
43,Zabiva.com,Free deliveryApply SAVE22,5% OFF$24.00,$25.44,Visit site
43,goodholidayprice,"Free delivery by Tue, May 17",$28.43,$28.43,Visit site
44,Vitabath4.9/54.9 out of 5 stars store rating(392 store reviews),Spend $65 for free delivery,$9.25,$19.20,Visit site
44,eBay - 433433,"Free delivery by Wed, May 18",$21.99,$23.31,Visit site
44,truegether.com/user/433433.html,Free delivery,$21.55,$21.55,Visit site
44,Bonanza - Xperts-Bonanza Mall,Free delivery,$21.99,$23.31,Visit site
44,eCrater - xpertsedge,Free delivery,$21.99,$21.99,Visit site
6,Vitabath4.9/54.9 out of 5 stars store rating(392 store reviews),Spend $65 for free delivery,$9.25,$19.20,Visit site
6,Walgreens.com4.6/54.6 out of 5 stars store rating(509 store reviews),$5.99 deliveryFree 30-day returns,$8.99,$15.88,Visit site
6,"PC Fallon Co.Trusted storeWhat makes this a trusted store?This store offers a combination of fast shipping, on-time deliveries, and easy returns, among other services.·4.9/54.9 out of 5 stars store rating(1.6K)","Delivery by Wed, May 25Spend $89 for free delivery",$8.99,$15.94,Visit site
6,Vitacost.com4.6/54.6 out of 5 stars store rating(8.3K store reviews),Spend $49 for free delivery60-day returns,$8.99,$15.88,Visit site
6,Bealls Florida4.4/54.4 out of 5 stars store rating(3.8K store reviews),Delivery date & cost shown at checkout,LOW PRICE$7.19$8.99,$7.62+Shipping,Visit site
6,ihealthee,Free delivery,$12.79,$13.56,Visit site
6,Walmart - ROXON ENTERPRISES LLC,Free delivery,$20.52,$21.75,Visit site
6,myBitti.com,"Free delivery by Tue, May 17",$13.99,$14.83,Visit site
6,eBay - 433433,"Free delivery by Wed, May 18",$26.99,$28.61,Visit site
6,truegether.com/user/433433.html,Free delivery,$26.45,$26.45,Visit site
6,eCrater - xpertsedge,Free delivery,$16.99,$16.99,Visit site
7,eBay5 more offersHide offers,$5.84 delivery,LOW PRICE$14.00,$21.03,Visit site
7,truegether.com/user/433433.html,Free delivery,$19.59,$19.59,Visit site
7,Walmart - Redi-Fest,Free delivery,$24.99,$26.49,Visit site
7,Bonanza - Xperts-Bonanza Mall,Free delivery,$19.99,$21.19,Visit site
7,eCrater - xpertsedge,Free delivery,$19.99,$19.99,Visit site
7,Zabiva.com,Free deliveryApply SAVE22,5% OFF$20.56,$21.79,Visit site
7,myBitti.com,"Free delivery by Tue, May 17",$23.49,$24.90,Visit site
77,Vitabath4.9/54.9 out of 5 stars store rating(392 store reviews),Spend $65 for free delivery,$9.25,$19.20,Visit site
77,"PC Fallon Co.Trusted storeWhat makes this a trusted store?This store offers a combination of fast shipping, on-time deliveries, and easy returns, among other services.·4.9/54.9 out of 5 stars store rating(1.6K)","Delivery by Wed, May 25Spend $89 for free delivery",$8.99,$15.94,Visit site
77,eBay - earthwaresangel,$8.95 delivery,$37.95,$49.71,Visit site
78,"PC Fallon Co.Trusted storeWhat makes this a trusted store?This store offers a combination of fast shipping, on-time deliveries, and easy returns, among other services.·4.9/54.9 out of 5 stars store rating(1.6K)","Delivery by Wed, May 25Spend $89 for free delivery","GREAT PICKThis product and store are highly rated, and the price is competitive.$37.40",$45.35,Visit site
78,eBay1 more offerHide offers,"Free delivery by Wed, May 18",$44.99,$47.69,Visit site
78,truegether.com/user/433433.html,Free delivery,$44.09,$44.09,Visit site
78,Bonanza - Xperts-Bonanza Mall,Free delivery,$44.99,$47.69,Visit site
78,Newegg.com - Famous Microgreens,Free delivery,$57.29,$60.73,Visit site
78,Zabiva.com,Free deliveryApply SAVE22,5% OFF$54.89,$58.18,Visit site
78,iBeautyCity.com,"Free delivery by Sun, May 22",$75.65,$75.65,Visit site
78,goodholidayprice,"Free delivery by Tue, May 17",$75.78,$75.78,Visit site
80,Ulta Beauty4.8/54.8 out of 5 stars store rating(1.8K store reviews)9 more locationsHide locations,434.0 mi · In stock at Mount LaurelToday: 10:00 AM - 8:00 PM,$8.99,$8.99+Tax,Visit site
80,Ulta Beauty,507.8 mi · In stock at SyracuseToday: 11:00 AM - 7:00 PM,,,Visit site
80,Walgreens.com4.6/54.6 out of 5 stars store rating(509 store reviews),$5.99 deliveryFree 30-day returns,$8.99,$15.88,Visit site
80,"PC Fallon Co.Trusted storeWhat makes this a trusted store?This store offers a combination of fast shipping, on-time deliveries, and easy returns, among other services.·4.9/54.9 out of 5 stars store rating(1.6K)","Delivery by Wed, May 25Spend $89 for free delivery",$9.95,$16.90,Visit site
80,Vitacost.com4.6/54.6 out of 5 stars store rating(8.3K store reviews),Spend $49 for free delivery60-day returns,$9.99,$16.94,Visit site
80,Bealls Florida4.4/54.4 out of 5 stars store rating(3.8K store reviews),Delivery date & cost shown at checkout,LOW PRICE$7.19$8.99,$7.62+Shipping,Visit site
80,ihealthee,Free delivery,$14.21,$15.06,Visit site
80,Zabiva.com,Free deliveryApply SAVE22,5% OFF$20.23,$21.44,Visit site
80,Walmart1 more offerHide offers,Free delivery,$31.92,$33.84,Visit site
80,eBay1 more offerHide offers,"Free delivery by Wed, May 18",$23.99,$25.43,Visit site
80,truegether.com/user/433433.html,Free delivery,$23.51,$23.51,Visit site
80,iBeautyCity.com,"Free delivery by Sun, May 22",$39.18,$39.18,Visit site
80,Bonanza - Xperts-Bonanza Mall,Free delivery,$23.99,$25.43,Visit site
80,"ibeautistoreTrusted storeWhat makes this a trusted store?This store offers a combination of fast shipping, on-time deliveries, and easy returns, among other services.","Free delivery by Sun, May 22",$31.28,$31.28,Visit site
82,"PC Fallon Co.Trusted storeWhat makes this a trusted store?This store offers a combination of fast shipping, on-time deliveries, and easy returns, among other services.·4.9/54.9 out of 5 stars store rating(1.6K)","Delivery by Wed, May 25Spend $89 for free delivery",LOW PRICE$16.95,$23.90,Visit site
82,Walmart - Euro Pharm,Free delivery,$24.99,$26.49,Visit site
82,myBitti.com,"Free delivery by Tue, May 17",$23.49,$24.90,Visit site
83,"PC Fallon Co.Trusted storeWhat makes this a trusted store?This store offers a combination of fast shipping, on-time deliveries, and easy returns, among other services.·4.9/54.9 out of 5 stars store rating(1.6K)","Delivery by Wed, May 25Spend $89 for free delivery",LOW PRICE$18.94,$25.89,Visit site
83,Walmart - Euro Pharm,Free delivery,$24.99,$26.49,Visit site
83,eBay - pharmacy1142,"Free delivery by Wed, May 18",$23.99,$25.43,Visit site
83,Raj Pharmacies,465.7 mi · In stock at RumsonToday: 9:00 AM - 7:00 PM,LOW PRICE$20.00,$20.00+Tax,Visit site
83,myBitti.com,"Free delivery by Tue, May 17",$26.99,$28.61,Visit site
83,Bonanza - Xperts-Bonanza Mall,Free delivery,$26.99,$28.61,Visit site
84,Vitabath4.9/54.9 out of 5 stars store rating(392 store reviews),Spend $65 for free delivery,LOW PRICE$9.25,$19.20,Visit site
84,"PC Fallon Co.Trusted storeWhat makes this a trusted store?This store offers a combination of fast shipping, on-time deliveries, and easy returns, among other services.·4.9/54.9 out of 5 stars store rating(1.6K)","Delivery by Wed, May 25Spend $89 for free delivery",LOW PRICE$8.99,$15.94,Visit site
84,Poshmark,Spend $500 for free delivery,$15.00,$23.73,Visit site
84,eCrater - xpertsedge,Free delivery,$15.99,$15.99,Visit site
85,Vitabath4.9/54.9 out of 5 stars store rating(392 store reviews),Spend $65 for free delivery,LOW PRICE$9.25,$19.20,Visit site
85,Walgreens.com4.6/54.6 out of 5 stars store rating(509 store reviews),$5.99 deliveryFree 30-day returns,LOW PRICE$8.99,$15.88,Visit site
85,"PC Fallon Co.Trusted storeWhat makes this a trusted store?This store offers a combination of fast shipping, on-time deliveries, and easy returns, among other services.·4.9/54.9 out of 5 stars store rating(1.6K)","Delivery by Wed, May 25Spend $89 for free delivery",LOW PRICE$8.99,$15.94,Visit site
85,Vitacost.com4.6/54.6 out of 5 stars store rating(8.3K store reviews),Spend $49 for free delivery60-day returns,LOW PRICE$8.99,$15.88,Visit site
85,Walmart - Euro Pharm,Free delivery,$11.99,$12.71,Visit site
85,Bealls Florida4.4/54.4 out of 5 stars store rating(3.8K store reviews),Delivery date & cost shown at checkout,LOW PRICE$7.19$8.99,$7.62+Shipping,Visit site
85,eBay2 more offersHide offers,"Free delivery by Wed, May 18",$11.99,$12.71,Visit site
85,ihealthee,Free delivery,$12.40,$13.14,Visit site
85,Raj Pharmacies,465.7 mi · In stock at RumsonToday: 9:00 AM - 7:00 PM,$10.99,$10.99+Tax,Visit site
85,goodholidayprice,"Free delivery by Tue, May 17",$22.35,$22.35,Visit site
85,"ibeautistoreTrusted storeWhat makes this a trusted store?This store offers a combination of fast shipping, on-time deliveries, and easy returns, among other services.","Free delivery by Sun, May 22",$20.26,$20.26,Visit site
86,"PC Fallon Co.Trusted storeWhat makes this a trusted store?This store offers a combination of fast shipping, on-time deliveries, and easy returns, among other services.·4.9/54.9 out of 5 stars store rating(1.6K)","Free delivery by Wed, May 25",$89.00,$89.00,Visit site
86,eBay - 433433,"Free delivery by Wed, May 18",$95.99,$101.75,Visit site
9,Vitabath4.9/54.9 out of 5 stars store rating(392 store reviews),Spend $65 for free delivery,LOW PRICE$20.55,$30.50,Visit site
9,Walmart - Euro Pharm,Free delivery,$24.99,$26.49,Visit site
9,eBay3 more offersHide offers,"Free delivery by Wed, May 18",$24.99,$26.49,Visit site
9,myBitti.com,"Free delivery by Tue, May 17",$26.99,$28.61,Visit site
9,DorothyShop,"$7.13 delivery by Mon, May 30Free 30-day returns",$28.50,$39.90,Visit site
9,MeekDepot,"Free delivery by Sun, May 22",$83.50,$83.50,Visit site
9,Zabiva.com,Free deliveryApply SAVE22,5% OFF$52.60,$55.76,Visit site
9,"onnyxbeautyTrusted storeWhat makes this a trusted store?This store offers a combination of fast shipping, on-time deliveries, and easy returns, among other services.","Free delivery by Mon, May 23",$77.93,$77.93,Visit site
9,Oneway Beauty,"Free delivery by Sun, May 22",$72.37,$72.37,Visit site
